DOIorPMID,Country (primary),Cat1,Cat2,Cat3,Email to Editor,RT,EoC,CR,Correction or Retraction Date,Survival,,,
10.1371/journal.pone.0105451,China,,1,,10/7/2015,,,,,-42284,,,Legend: 
10.1080/08977190500233813,Italy,1,,,10/4/2015,,,,,-42281,,,DOI or PMID: unique identifier of the paper
10.3109/08977191003677402,Italy,1,,,10/4/2015,,,,,-42281,,,
10.1126/science.1071914,USA,,,1,4/24/2015,,,1,12/7/2007,-2695,,,Cat1 = simple duplication (might be an innocent error)
10.1371/journal.pntd.0002173,Chile,1,,,10/2/2015,,,,,-42279,,,Cat2 = overlap or rotated/mirrored duplication
10.1371/journal.pone.0104510,China,,1,,10/7/2015,1,,,6/8/2022,2436,,,Cat3 = altered photo with duplication (intention to mislead)
10.1371/journal.pone.0096343,USA,1,,,10/7/2015,,,1,7/6/2016,273,,,
10.1016/j.diagmicrobio.2011.03.016,Puerto Rico,1,,,4/21/2014,,,,,-41750,,,RT: 1= retracted
10.1186/bcr3234,Greece,,1,,7/29/2015,,,1,6/7/2018,1044,,,EoC: 1= Expression of Concern
10.1186/1471-2180-10-281,Germany,,1,,7/29/2015,,,1,8/23/2017,756,,,CR: 1= corrected
10.1186/1471-2180-11-211,Germany,,1,,7/29/2015,,,1,8/21/2017,754,,,
10.1371/journal.pone.0095434,UK,,1,,4/22/2014,,,1,10/30/2015,556,,,
10.1371/journal.pone.0051309,USA,,,1,8/3/2015,1,,,8/30/2019,1488,,,
10.1371/journal.pntd.0001331,Australia,,,,10/2/2015,,,,,-42279,,,
10.1016/j.cyto.2007.01.002,Argentina,,1,,10/4/2015,,,,,-42281,,,
10.1080/08977190902951558,Argentina,,1,,10/4/2015,1,,,7/23/2020,1754,,,
10.1007/s11010-010-0575-6,India ,,,1,10/4/2015,,,,,-42281,,,
10.1046/j.1462-2920.2000.00093.x,USA,,,1,10/4/2015,,,,,-42281,,,
10.1128/IAI.00206-12,USA,,,1,10/30/2014,1,,,5/12/2015,194,,,
10.1007/s11010-012-1449-x,Canada,,1,,10/4/2015,,,,,-42281,,,
10.1371/journal.pone.0071868,USA,,1,,8/12/2014,,,1,10/16/2017,1161,,,
10.1128/JVI.00805-13,USA,,1,,12/31/2014,,,1,11/14/2017,1049,,,
10.1128/JVI.03303-12,USA,1,,,12/31/2014,,,1,7/1/2020,2009,,,
10.1007/s10549-013-2737-1,China,,1,,10/4/2015,,1,0,6/6/2024,3168,,,
10.1371/journal.pone.0091566,China,,1,,10/7/2015,1,,,3/13/2019,1253,,,
10.1002/ijc.27927,China,,1,,2/21/2015,1,,,10/15/2015,236,,,
10.1371/journal.pone.0054193,Ireland,,1,,5/11/2014,,,1,5/21/2020,2202,,,
10.1186/bcr3407,USA,,1,,7/29/2015,,,1,8/8/2018,1106,,,
PMID:9823007,Israel,,,1,10/4/2015,,,,,-42281,,,
10.1002/ijc.27627,China,,1,,2/21/2015,,,1,10/15/2015,236,,,
10.1371/journal.pone.0088393,China,,1,,10/7/2015,,,,,-42284,,,
10.1371/journal.pone.0089097,China,,1,,10/7/2015,1,,,4/11/2023,2743,,,
10.1371/journal.pone.0093917,China,1,,,10/7/2015,,,,,-42284,,,
10.1371/journal.pone.0095849,China,,1,,4/27/2014,,,1,3/23/2022,2887,,,
10.1186/1471-2180-14-108,India,,1,,7/29/2015,,,,,-42214,,,
10.1111/j.1472-765X.2012.03204.x,Iran,,,1,10/4/2015,1,,,11/1/2023,2950,,,
10.1371/journal.pone.0054303,China,,1,,5/10/2014,1,,,5/20/2019,1836,,,
10.1371/journal.pone.0098047,China,,1,,6/15/2014,,,1,8/1/2019,1873,,,
10.1371/journal.pone.0055487,China,,1,,5/24/2014,1,,,3/14/2018,1390,,,
10.1371/journal.pone.0085808,China,,1,,4/28/2014,1,,,3/12/2018,1414,,,
10.1371/journal.pone.0065897,USA,,,1,6/15/2014,,,,,-41805,,,
10.1007/s00280-004-0813-2,France,,,1,6/28/2015,,,,,-42183,,,
10.1155/2011/507920,Taiwan,,1,,10/2/2015,,,1,11/18/2015,47,,,
10.1155/2012/595292,Taiwan,,1,,10/2/2015,,,1,11/24/2015,53,,,
10.1155/2012/732578,Taiwan,1,,,10/2/2015,,,1,6/28/2016,270,,,
10.1371/journal.pone.0056661,Taiwan,,1,,10/7/2015,,,1,3/20/2017,530,,,
10.1371/journal.pone.0060860,China,,1,,10/7/2015,,,1,5/1/2024,3129,,,
10.1371/journal.pone.0097607,China,1,,,10/7/2015,,,,,-42284,,,
10.3892/ijo.2013.1789,Taiwan,,1,,10/4/2015,,,1,8/6/2016,307,,,
10.1371/journal.pone.0053974,Taiwan,1,,,5/10/2014,,1,,1/11/2024,3533,,,
10.1155/2013/369180,Taiwan,1,,,10/2/2015,1,,,11/26/2017,786,,,
10.1371/journal.pone.0088863,Taiwan,,1,,10/7/2015,,,,,-42284,,,
10.1371/journal.pone.0067149,USA,,,1,10/7/2015,1,,,8/9/2018,1037,,,
10.1186/1471-2180-10-18,Canada,1,,,7/29/2015,,,,,-42214,,,
10.1371/journal.pone.0098813,Portugal,,1,,7/5/2014,,,1,12/16/2014,164,,,
10.1371/journal.pone.0085608,Belgium,,,1,10/7/2015,,,,,-42284,,,
10.1371/journal.pone.0090649,Belgium,1,,,10/7/2015,,,1,6/27/2023,2820,,,
10.1371/journal.pone.0096825,Belgium,1,,,10/7/2015,,,,,-42284,,,
10.1371/journal.pone.0058486,USA,,1,,10/7/2015,,,,,-42284,,,
10.1371/journal.pone.0090952,China,,1,,10/7/2015,1,,,12/17/2020,1898,,,
10.1371/journal.pone.0054125,Taiwan,,1,,5/4/2014,1,,,5/19/2022,2937,,,
10.1371/journal.pone.0059245,Taiwan,,1,,9/16/2014,,,,,-41898,,,
10.1371/journal.pone.0102536,Italy,,,1,8/12/2014,1,,,2/4/2021,2368,,,
10.1080/07357900802189816,China,,1,,10/4/2015,,,,,-42281,,,
10.1371/journal.pone.0052184,China,,1,,5/4/2014,1,,,1/6/2020,2073,,,
10.1371/journal.pone.0052940,China,,1,,5/4/2014,,1,,12/2/2019,2038,,,
10.1080/08977190410001725531,USA,,,1,10/4/2015,,,,,-42281,,,
10.1080/08977190801886905,USA,,1,,10/4/2015,,,,,-42281,,,
10.3109/08977194.2011.565003,USA,1,,,10/4/2015,,,,,-42281,,,
10.1371/journal.pone.0055838,China,,1,,10/7/2015,,,,,-42284,,,
10.1371/journal.pone.0105049,India,,,1,8/26/2014,,,1,12/12/2014,108,,,
10.1371/journal.pone.0092478,USA,,,1,10/7/2015,1,,,6/10/2021,2073,,,
10.1007/s11010-008-9736-2,China,,,1,10/4/2015,,,1,6/25/2020,1726,,,
10.1371/journal.pone.0096557,Greece,1,,,5/8/2014,,,,,-41767,,,
10.3109/07357907.2010.550665,China,,1,,10/4/2015,,,,,-42281,,,
10.1371/journal.pone.0053834,China,,1,,5/11/2014,,,1,3/29/2016,688,,,
10.1371/journal.pone.0093974,China,,1,,4/18/2014,,,1,3/24/2016,706,,,
10.1371/journal.pone.0094050,China,,1,,5/11/2014,,,1,4/7/2016,697,,,
10.1371/journal.pone.0062478,USA,1,,,5/11/2014,,,,,-41770,,,
10.1371/journal.pone.0053725,Canada,,,1,5/12/2014,1,,,4/14/2022,2894,,,
10.1371/journal.pone.0063456,Canada,,1,,5/12/2014,,1,,4/14/2022,2894,,,
10.1128/JVI.02047-13,USA,1,,,12/31/2014,,,1,11/30/2017,1065,,,
10.1186/1471-2180-11-160,China,,,1,7/29/2015,,,,,-42214,,,
10.1016/j.lungcan.2009.06.013,China,,,1,10/4/2015,1,,,12/1/2016,424,,,
10.1186/1471-2407-13-368,China,1,,,7/29/2015,,,1,3/27/2019,1337,,,
10.1016/j.cyto.2006.07.009,South Korea,,,1,10/4/2015,,,,,-42281,,,
10.1016/j.cyto.2012.05.021,South Korea,,,1,10/4/2015,,,,,-42281,,,
10.1128/IAI.01165-12,Chile,,1,,10/30/2014,,,1,9/10/2015,315,,,
10.1155/2013/210604,South Korea,1,,,5/11/2014,1,,0,8/30/2020,2303,,,
10.1371/journal.pone.0061960,South Korea,,1,0,10/7/2015,,,,,-42284,,,
10.1371/journal.pone.0068296,Italy,,1,,7/9/2014,,,1,5/8/2015,303,,,
10.1007/s00280-003-0628-6,USA,1,,,6/28/2015,,,,,-42183,,,
10.1371/journal.pone.0069485,USA,,,1,8/1/2014,1,,0,10/2/2018,1523,,,
10.1007/s00280-011-1686-9,China,,1,,4/12/2015,,,,,-42106,,,
10.1371/journal.pone.0058855,China,,,1,10/7/2015,,,,,-42284,,,
10.1371/journal.pone.0102252,Chile,,,1,8/16/2014,,,,,-41867,,,
10.1371/journal.pone.0058845,Italy,1,,,10/7/2015,,,,,-42284,,,
10.1371/journal.pone.0071127,UK,,,1,10/7/2015,1,,,6/22/2018,989,,,
10.1371/journal.pone.0066602,Belgium,,1,,10/7/2015,,,0,,-42284,,,
10.1371/journal.pone.0094035,Chile,,1,,8/23/2014,,,,,-41874,,,
10.1371/journal.pone.0057662,Netherlands,,,1,10/7/2015,,,0,,-42284,,,
10.1371/journal.pone.0057973,Netherlands,,,1,10/7/2015,,,,,-42284,,,
10.1371/journal.pone.0096609,China,,1,,10/7/2015,,,,,-42284,,,
10.1371/journal.pone.0096053,USA,1,,,5/4/2014,,,1,10/23/2019,1998,,,
10.1371/journal.pbio.1001326,USA,,1,,10/2/2015,,,1,12/11/2017,801,,,
10.1002/ijc.28032,China,,1,,2/21/2015,,,1,9/15/2015,206,,,
10.3109/07357900903095631,China,1,,,10/4/2015,,,,,-42281,,,
10.1371/journal.pone.0073175,China,,1,,10/7/2015,,,,,-42284,,,
10.1016/j.lungcan.2011.01.012,Turkey,,,1,10/4/2015,,,1,11/1/2016,394,,,
10.1007/s00280-004-0907-x,Lebanon,,,1,6/28/2015,1,,,1/8/2018,925,,,
10.1126/science.1060781,USA,,,1,4/24/2015,,,,,-42118,,,
10.1007/s00280-007-0467-y,Greece,,,1,6/28/2015,,,,,-42183,,,
10.1007/s00280-007-0533-5,Greece,,,1,6/28/2015,,,,,-42183,,,
10.1016/j.cyto.2011.06.006,USA,1,,,10/4/2015,,,,,-42281,,,
10.1371/journal.pone.0064000,China,,,1,7/13/2014,1,,,11/2/2020,2304,,,
10.1371/journal.pone.0064707,China,,,1,10/7/2015,1,,,5/29/2020,1696,,,
10.1371/journal.pone.0058647,USA,,1,,9/16/2014,,,,,-41898,,,
10.1186/1471-2180-9-63,China,,1,,7/29/2015,,,,,-42214,,,
10.1371/journal.pone.0059604,China,1,,,10/7/2015,,,1,3/20/2024,3087,,,
10.1126/science.1156725,USA,,1,,4/24/2015,,,1,10/2/2015,161,,,
10.1371/journal.pone.0092216,China,,1,,10/7/2015,1,,,3/12/2024,3079,,,
10.1007/s00280-008-0697-7,China,,,1,6/28/2015,,,,,-42183,,,
10.1126/science.1231897,Turkey,,,1,4/17/2015,,,1,10/2/2015,168,,,
10.1128/IAI.01769-14,China,,,1,3/8/2015,,,1,7/8/2015,122,,,
10.1186/bcr1754,UK,,,1,7/29/2015,,,1,8/30/2018,1128,,,
10.1371/journal.pone.0102907,Italy,,,1,10/7/2015,,,,,-42284,,,
10.1371/journal.pone.0092198,Korea,,1,,10/7/2015,,,,,-42284,,,
10.1371/journal.pone.0086342,Korea,1,,,4/19/2014,,,1,5/6/2015,382,,,
10.1038/onc.2014.22,Taiwan,,1,,7/10/2015,,,1,2/9/2017,580,,,
10.1128/IAI.00013-12,USA,,1,,10/30/2014,,,1,11/10/2015,376,,,
10.1128/jcm.43.7.3512-3515.2005,France,,,1,4/13/2014,,,,,-41742,,,
10.1111/j.1469-0691.2011.03607.x,France,,,1,4/13/2014,,,,,-41742,,,
10.1371/journal.pone.0061125,USA,1,,,10/7/2015,,,,,-42284,,,
10.1126/science.1092734,USA,,,1,4/24/2015,,,,,-42118,,,
10.1371/journal.pntd.0001719,Czech Republic,,,1,10/2/2015,1,,,12/22/2023,3003,,,
10.1371/journal.pntd.0001911,Tunesie,1,,,10/2/2015,,,,,-42279,,,
10.1371/journal.pone.0061079,China,,1,,7/12/2014,1,,,10/8/2020,2280,,,
10.1371/journal.pone.0066275,China,1,,,7/12/2014,1,,0,10/8/2020,2280,,,
10.1371/journal.ppat.1003845,China,,1,,4/26/2014,,,1,1/14/2016,628,,,
10.1016/j.cyto.2004.12.015,China,,1,,10/4/2015,,,,,-42281,,,
10.3109/10428191003596835,China,,1,,10/4/2015,,,1,4/11/2016,190,,,
10.1371/journal.pone.0063966,China,,,1,7/5/2014,1,,,3/25/2020,2090,,,
10.1371/journal.pone.0068981,China,,1,,7/19/2014,,,,,-41839,,,
10.1371/journal.pone.0091354,China,1,,,10/7/2015,,,,,-42284,,,
10.1128/AEM.01278-10,China,,,1,12/26/2014,1,,,2/26/2024,3349,,,
10.1007/s11010-009-0104-7,China,,1,,10/4/2015,,,,,-42281,,,
10.1371/journal.pone.0060197,China,,1,,10/7/2015,1,,,2/7/2024,3045,,,
10.1371/journal.pone.0103355,China,,1,,10/7/2015,,,,,-42284,,,
10.1371/journal.ppat.1004195,UK,,1,,6/14/2014,,,1,9/5/2014,83,,,
10.1126/science.1121513,USA,,,1,4/19/2015,,1,,6/26/2021,2260,,,
10.1186/bcr2208,USA,,1,,7/29/2015,,,1,6/14/2018,1051,,,
10.1128/AEM.01201-10,Germany,,,1,12/26/2014,,,,,-41999,,,
10.1371/journal.pone.0091331,Taiwan,,,1,10/7/2015,,,,,-42284,,,
10.1371/journal.pone.0070020,Argentina,,1,,7/25/2014,1,,,12/7/2023,3422,,,
10.1186/1471-2180-9-272,Brazil,,1,,7/29/2015,,,,,-42214,,,
10.1186/1471-2180-10-292,Brazil,,,1,7/29/2015,,,,,-42214,,,
10.1186/1471-2180-13-107,Brazil,1,,,7/29/2015,,,,,-42214,,,
10.1371/journal.pone.0055482,Korea,,,1,10/7/2015,1,,,11/3/2020,1854,,,
10.1371/journal.pone.0093995,USA,1,,,4/18/2014,,,1,7/22/2014,95,,,
10.1371/journal.pone.0103606,USA,1,,,10/7/2015,,,1,6/27/2017,629,,,
10.1016/j.lungcan.2008.05.026,Taiwan,,1,,10/4/2015,1,,,10/1/2016,363,,,
10.1186/gb-2013-14-10-r121,USA,1,,,7/29/2015,,,1,2/4/2016,190,,,
10.1371/journal.pgen.1003361,Sweden,,,1,9/21/2014,1,,,4/27/2015,218,,,
10.1371/journal.ppat.1004059,Sweden,1,,,9/21/2014,,,1,5/20/2016,607,,,
10.1007/s00280-008-0794-7,USA,1,,,6/28/2015,,,,,-42183,,,
10.1007/s10549-012-2079-4,USA,,1,,10/4/2015,,,1,2/16/2016,135,,,
10.1371/journal.pone.0060020,Denmark,,,1,10/7/2015,,,,,-42284,,,
10.1128/JCM.42.12.5885-5888.2004,Hong Kong,,1,,12/26/2014,1,,,10/31/2022,2866,,,
10.1128/JCM.42.2.665-669.2004,Hong Kong,1,,,12/26/2014,1,,,10/31/2022,2866,,,
10.1186/s13058-014-0479-6,Korea,,1,,7/29/2015,,,1,3/26/2019,1336,,,
10.1371/journal.ppat.1003114,USA,,,1,5/17/2014,,,1,3/9/2016,662,,,
10.1371/journal.pone.0098623,USA,,,1,6/7/2014,1,,,6/17/2020,2202,,,
10.1371/journal.pone.0067977,Mexico,,,1,10/7/2015,,,,,-42284,,,
10.1371/journal.pone.0055790,China,,1,,10/7/2015,1,,,2/27/2024,3065,,,
10.3892/ijo.2012.1617,China ,1,,,10/4/2015,,,1,9/28/2016,360,,,
10.1016/j.cyto.2014.07.249,China,,1,,10/4/2015,,,,,-42281,,,
10.1186/bcr1509,Ireland,1,,,7/29/2015,,,1,6/20/2018,1057,,,
10.3892/ijo.2013.1903,China ,,1,,10/4/2015,,,1,9/16/2016,348,,,
10.1371/journal.pone.0096085,China,,1,,5/11/2014,1,,,8/15/2018,1557,,,
10.1080/07357900802072723,China,,,1,10/4/2015,,,,,-42281,,,
10.1007/s11010-013-1720-9,China,1,,,10/4/2015,,,,,-42281,,,
10.1371/journal.pone.0065218,China,,,1,7/22/2014,1,,,9/6/2019,1872,,,
10.1371/journal.pone.0085113,China,,1,,7/22/2014,1,,,10/17/2019,1913,,,
10.1155/2013/467245,Korea,,1,,10/2/2015,1,,0,1/2/2019,1188,,,
10.3109/10428194.2010.512963,China,,,1,10/4/2015,,,,,-42281,,,
10.1371/journal.pone.0091298,China,,1,,10/7/2015,,,,,-42284,,,
10.1371/journal.pone.0094855,China,,,1,4/18/2014,1,,,10/10/2018,1636,,,
10.1007/s00253-014-5893-2,China,1,,,10/4/2015,,,,,-42281,,,
10.3109/07357907.2013.820314,China,,,1,10/4/2015,,,,,-42281,,,
10.1002/ijc.27989,Canada,1,,,2/21/2015,,,1,8/7/2015,167,,,
10.1371/journal.pone.0068747,China,,1,,7/12/2014,,,,,-41832,,,
10.1371/journal.pone.0097242,China,,1,,10/7/2015,1,,,8/5/2020,1764,,,
10.1371/journal.pone.0092574,China,,1,,10/7/2015,,,,,-42284,,,
10.1371/journal.pone.0096177,China,,1,,5/11/2014,,,,,-41770,,,
10.1023/a:1024921329885,South Africa,,,1,10/4/2015,1,,,12/8/2023,2987,,,
10.1371/journal.pone.0085484,USA,1,,,4/20/2014,,,1,4/17/2019,1823,,,
10.1371/journal.pone.0083995,Poland,,1,,3/30/2014,1,,,1/10/2019,1747,,,
10.1371/journal.pone.0089021,China,1,,,10/7/2015,,,,,-42284,,,
10.1016/j.cyto.2006.12.003,Italy,1,,,10/4/2015,,,,,-42281,,,
10.1038/nature08107,Germany,1,,,5/3/2015,,,1,1/25/2024,3189,,,
10.1371/journal.pone.0092416,France,,,1,10/7/2015,1,,,8/3/2021,2127,,,
10.1128/IAI.01203-10,Japan,1,,,3/8/2015,,,1,10/15/2015,221,,,
10.1126/science.1082254,Italy,,1,,4/24/2015,,,,,-42118,,,
10.3892/ijo.2013.2157,South Korea,,1,,10/4/2015,,,,,-42281,,,
10.1186/bcr3322,Canada,1,,,7/29/2015,,,1,3/28/2017,608,,,
10.1186/bcr3441,Canada,,1,,7/29/2015,,,1,3/28/2017,608,,,
10.1371/journal.pone.0065556,China,,,1,10/7/2015,1,,,6/1/2021,2064,,,
10.1371/journal.pone.0059021,Saudi Arabia,0,1,,10/7/2015,1,,,12/30/2019,1545,,,
10.1186/1471-2180-10-104,Germany,1,,,7/29/2015,,,,,-42214,,,
10.1128/IAI.06056-11,Germany,1,,,10/30/2014,,,1,2/13/2015,106,,,
10.1128/JCM.41.8.3584-3591.2003,USA,,,1,12/26/2014,1,,,5/8/2024,3421,,,
10.1128/JCM.43.8.4002-4009.2005,USA,,,1,12/26/2014,1,,,4/12/2024,3395,,,
10.1128/mBio.00275-11,USA,,1,,10/30/2014,1,,0,3/23/2022,2701,,,
10.1007/s11010-006-9228-1,China,1,,,10/4/2015,,1,0,12/27/2022,2641,,,
10.1128/IAI.01008-13,USA,,,1,10/30/2014,1,,,4/15/2015,167,,,
10.1371/journal.pone.0062170,USA,,,1,10/7/2015,1,,,4/10/2017,551,,,
10.1371/journal.pone.0098370,USA,,1,,6/7/2014,1,,,12/29/2023,3492,,,
10.1371/journal.pone.0055714,China,,1,,10/7/2015,,,,,-42284,,,
10.1371/journal.pone.0061056,China,1,,,10/7/2015,,,,,-42284,,,
10.1155/2012/378415,Taiwan,1,,,10/2/2015,,,1,12/2/2012,-1034,,,
10.1371/journal.pone.0089622,Taiwan,,,1,10/7/2015,1,,0,12/13/2022,2624,,,
10.1016/j.cyto.2008.12.021,Japan,,,1,10/4/2015,,,,,-42281,,,
10.1371/journal.pone.0094213,Japan,,,1,10/7/2015,1,,,8/6/2020,1765,,,
10.1371/journal.pone.0094472,India,,,1,4/21/2014,1,,,10/23/2017,1281,,,
10.1016/j.cyto.2013.04.009,USA,,1,,10/4/2015,1,,,8/20/2018,1051,,,
10.1371/journal.pone.0084982,USA,,1,,4/30/2014,,1,0,5/21/2020,2213,,,
10.1371/journal.pone.0102889,France,,1,,10/7/2015,,,,,-42284,,,
10.1007/s10549-013-2722-8,France,,1,,10/4/2015,,,1,3/8/2016,156,,,
10.1007/s11010-008-9746-0,Korea,1,,,10/4/2015,,1,,10/19/2022,2572,,,
10.1007/s00280-010-1514-7,USA,,1,,4/12/2015,,,,,-42106,,,
10.1371/journal.pone.0058037,USA,,1,,10/7/2015,,,,,-42284,,,
10.1128/iai.64.6.2282-2287.1996,USA,1,,,3/8/2015,,,,,-42071,,,
10.1038/39062,Canada,,,1,5/3/2015,,,1,12/20/2017,962,,,
10.1038/34214,Japan,,,1,5/3/2015,,,1,10/29/2015,179,,,
10.1128/JCM.36.6.1666-1673.1998,USA,1,,,7/1/2015,,,1,10/24/2023,3037,,,
10.1038/44188,USA,,1,,5/3/2015,,,1,8/22/2023,3033,,,
10.1038/44586,Canada,,,1,5/3/2015,,,,,-42127,,,
PMID:9864199,USA,1,,,4/12/2015,,,,,-42106,,,
10.1038/35066610,Switzerland,,,1,5/3/2015,,,,,-42127,,,
10.1023/a:1016549922439,India,,1,,10/4/2015,,,,,-42281,,,
10.1007/s00280-002-0562-z,Japan,,,1,6/28/2015,,,,,-42183,,,
10.1128/IAI.71.2.766-773.2003,France,,,1,3/8/2015,,,,,-42071,,,
10.1128/IAI.71.3.1209-1216.2003,USA,1,,,3/8/2015,,,,,-42071,,,
10.1007/s00280-003-0714-9,Japan,,,1,6/28/2015,,,,,-42183,,,
10.1111/j.1348-0421.2004.tb03525.x,Japan,1,,,10/4/2015,,,,,-42281,,,
10.1128/IAI.72.3.1223-1229.2004,Canada,,1,,3/8/2015,,,,,-42071,,,
10.1128/JCM.42.3.1082-1088.2004,Japan,1,,,12/26/2014,,,,,-41999,,,
10.1007/s11010-005-4539-1,China,,,1,10/4/2015,1,,,11/15/2023,2964,,,
10.1111/j.1348-0421.2005.tb03723.x,Japan,,,1,10/4/2015,,,1,2/19/2016,138,,,
10.1128/IAI.73.3.1386-1398.2005,Australia,,1,,3/8/2015,,,,,-42071,,,
10.1186/bcr1279,Sweden,,1,,7/29/2015,,,,,-42214,,,
10.1186/bcr1323,Japan,,1,,7/29/2015,,,1,2/17/2019,1299,,,
10.1007/s11010-006-9214-7,China,,,1,10/4/2015,,,,,-42281,,,
10.1016/j.jaut.2006.05.001,Italy,,,1,10/4/2015,,,,,-42281,,,
10.1016/j.lungcan.2006.06.006,Australia,,1,,10/4/2015,,,1,11/1/2016,394,,,
10.1111/j.1365-2672.2006.02901.x,Colombia,,,1,10/4/2015,,,,,-42281,,,
10.1128/IAI.74.2.1148-1155.2006,USA,,,1,3/8/2015,,,,,-42071,,,
10.1128/JCM.00418-06,Spain,,,1,12/26/2014,,,,,-41999,,,
10.1128/JCM.44.3.772-776.2006,USA,1,,,12/26/2014,,,,,-41999,,,
10.1186/bcr1533,Israel,,1,,7/29/2015,,,1,7/9/2018,1076,,,
10.1007/s00280-006-0262-1,USA,1,,,6/28/2015,,,,,-42183,,,
10.1007/s11010-007-9560-0,China,,,1,10/4/2015,1,,,11/23/2023,2972,,,
10.1007/s11010-007-9564-9,Canada,,,1,10/4/2015,,,,,-42281,,,
10.1016/j.cyto.2007.04.003,Korea,,1,,10/4/2015,,,,,-42281,,,
10.1016/j.lungcan.2006.10.019,USA,,1,,10/4/2015,,,,,-42281,,,
10.1111/j.1365-2672.2007.03334.x,Canada,1,,,10/4/2015,,,,,-42281,,,
10.1126/science.1139089,USA,,1,,4/19/2015,,,,,-42113,,,
10.1007/s11010-008-9773-x,Poland,,,1,10/4/2015,1,,,4/16/2024,3117,,,
10.1016/j.cyto.2008.01.001,Japan,1,,,10/4/2015,1,,,10/1/2018,1093,,,
10.1016/j.cyto.2008.06.003,Czech Republic,1,,,10/4/2015,,,,,-42281,,,
10.1016/j.cyto.2008.06.007,Taiwan,,1,,10/4/2015,,,,,-42281,,,
10.1016/j.lungcan.2008.03.023,China,,,1,10/4/2015,,,,,-42281,,,
10.1038/nature07034,USA,,1,,5/3/2015,,,1,7/27/2016,451,,,
10.1080/07357900801941860,China,,,1,10/4/2015,,,,,-42281,,,
10.1080/10428190801910912,USA,1,,,10/4/2015,,,1,5/1/2016,210,,,
10.1186/1471-2180-8-217,Tunisia,1,,,7/29/2015,,,,,-42214,,,
10.1371/journal.pntd.0000125,France,1,,,10/2/2015,,,,,-42279,,,
10.1007/s11010-009-0151-0,India ,,1,,10/4/2015,,,,,-42281,,,
10.1016/j.cyto.2008.12.013,USA,,1,,10/4/2015,,,,,-42281,,,
10.1038/nature08027,UK,,,1,5/3/2015,,,1,12/2/2015,213,,,
10.1080/07357900802438585,USA,,,1,10/4/2015,,,,,-42281,,,
10.1126/science.1176709,USA,1,,,4/24/2015,,,0,,-42118,,,
10.1128/IAI.00913-08,USA,,1,,4/12/2015,,,,,-42106,,,
10.1016/j.lungcan.2009.10.010,Japan,,,1,10/4/2015,,,1,5/27/2016,236,,,
10.1073/pnas.0908953107,USA,1,,,2/9/2016,,,,,-42409,,,
10.1111/j.1348-0421.2010.00241.x,India,,,1,10/4/2015,,,,,-42281,,,
10.1128/AEM.01755-09,Japan,1,,,7/1/2015,,,,,-42186,,,
10.1128/AEM.02199-10,France,,1,,7/1/2015,,,,,-42186,,,
10.1128/AEM.02246-09,China,,,1,7/1/2015,,,,,-42186,,,
10.1128/IAI.00156-09,USA,,1,,3/8/2015,,,1,8/8/2015,153,,,
10.1128/IAI.00956-09,Korea,,1,,3/8/2015,,,,,-42071,,,
10.1186/1471-2180-10-317,USA,,1,,7/29/2015,,,1,11/26/2019,1581,,,
10.1186/1471-2180-10-53,France,1,,,7/29/2015,,,1,3/28/2017,608,,,
10.1371/journal.pbio.1000521,Sweden,1,,,10/2/2015,,,1,9/25/2018,1089,,,
10.1371/journal.pntd.0000586,Germany,,,1,10/2/2015,,1,,12/9/2022,2625,,,
10.1371/journal.pntd.0000842,USA,,1,,10/2/2015,,,,,-42279,,,
10.1371/journal.pntd.0000863,Argentina,1,,,10/2/2015,,,1,11/1/2023,2952,,,
10.1007/s00280-010-1287-z,USA,,,1,4/12/2015,,,,,-42106,,,
10.1007/s11010-011-0975-2,China,,1,,10/4/2015,,,,,-42281,,,
10.1016/j.cyto.2011.06.005,China,,,1,10/4/2015,,,,,-42281,,,
10.1073/pnas.1012753108,USA,,,1,2/9/2016,1,,,12/26/2017,686,,,
10.1073/pnas.1101273108,Canada,,1,,2/9/2016,,,1,9/27/2016,231,,,
10.1128/AEM.00119-11,USA,1,,,12/26/2014,,,,,-41999,,,
10.1128/IAI.00805-10,France,,1,,3/8/2015,,,1,8/8/2015,153,,,
10.1371/journal.pntd.0001398,Spain,1,,,10/2/2015,,,1,3/19/2024,3091,,,
10.3109/07357907.2010.535053,India,,,1,10/4/2015,,,,,-42281,,,
10.1007/s10549-011-1396-3,China,,1,,10/4/2015,,,1,4/8/2016,187,,,
10.1007/s10549-012-2080-y,China ,,1,,10/4/2015,,,1,3/9/2016,157,,,
10.1007/s10549-012-2238-7,Taiwan,,1,,10/4/2015,,,1,2/15/2016,134,,,
10.1007/s11010-012-1383-y,USA,1,,,10/4/2015,,,,,-42281,,,
10.1007/s11010-012-1416-6,Iran,,1,,10/4/2015,,,,,-42281,,,
10.1016/j.ccr.2012.10.003,Canada,,1,,7/10/2015,,,1,8/8/2016,395,,,
10.1016/j.ccr.2012.11.005,Italy,,,1,7/10/2015,,,,,-42195,,,
10.1016/j.cyto.2012.04.029,China,,,1,10/4/2015,,,,,-42281,,,
10.1016/j.cyto.2012.08.025,USA,1,,,10/4/2015,,,1,6/1/2017,606,,,
10.1016/j.lungcan.2011.10.002,Japan,1,,,10/4/2015,,,1,4/27/2017,571,,,
10.1038/nature10805,USA,1,,,5/3/2015,,,1,9/12/2018,1228,,,
10.1038/onc.2012.182,USA,1,,,6/29/2015,,,1,11/24/2016,514,,,
10.1073/pnas.1108537109,UK,1,,,2/9/2016,,,1,11/14/2016,279,,,
10.1073/pnas.1202214109,USA,1,,,2/9/2016,,,1,10/17/2016,251,,,
10.1083/jcb.201201133,France,,,1,6/28/2015,,,1,5/23/2016,330,,,
10.1111/j.1462-2920.2012.02741.x,France,1,,,10/4/2015,,,1,2/23/2016,142,,,
10.1111/j.1462-2920.2012.02788.x,Taiwan,1,,,10/4/2015,,,1,2/23/2016,142,,,
10.1128/IAI.00063-12,China,,1,,10/30/2014,,,,,-41942,,,
10.1128/IAI.05798-11,USA,,1,,10/30/2014,,,,,-41942,,,
10.1128/mBio.00495-12,UK,1,,,10/30/2014,,,1,1/20/2015,82,,,
10.1186/bcr3128,USA,1,,,7/29/2015,,,1,3/28/2017,608,,,
10.1186/bcr3201,UK,1,,,7/29/2015,,,1,3/28/2017,608,,,
10.1371/journal.pntd.0001636,Taiwan,1,,,10/2/2015,,,1,3/13/2024,3085,,,
10.3892/ijo.2012.1741,China ,1,,,10/4/2015,,,1,1/1/2017,455,,,
10.1002/ijc.27730,USA,1,,,2/21/2015,,,1,7/7/2015,136,,,
10.1002/ijc.27863,Italy,,1,,2/21/2015,,,1,8/7/2015,167,,,
10.1002/ijc.27917,USA,,1,,2/21/2015,,,1,7/7/2015,136,,,
10.1002/ijc.28001,USA,,1,,2/21/2015,,,1,8/7/2015,167,,,
10.1007/s00253-012-3992-5,China,,1,,10/4/2015,,,,,-42281,,,
10.1007/s10549-012-2389-6,USA,,1,,10/4/2015,,,1,3/18/2016,166,,,
10.1007/s11010-013-1691-x,USA,,1,,10/4/2015,,,,,-42281,,,
10.1016/j.cyto.2013.04.005,Korea,,,1,10/4/2015,,,,,-42281,,,
10.1038/onc.2013.237,Australia,,,1,6/29/2015,,,1,11/17/2016,507,,,
10.1073/pnas.1211179110,USA,,1,,2/9/2016,,,1,11/22/2016,287,,,
10.1073/pnas.1303672110,USA,,1,,2/9/2016,,,1,9/27/2016,231,,,
10.1128/AEM.02835-13,USA,1,,,12/26/2014,,,,,-41999,,,
10.1128/IAI.00539-13,USA,1,,,10/30/2014,,,1,2/13/2015,106,,,
10.1128/IAI.00552-13,USA,1,,,7/9/2014,,,1,9/10/2014,63,,,
10.1128/JVI.01705-13,USA,,1,,12/31/2014,,,1,11/30/2017,1065,,,
10.1128/JVI.01948-13,China,,,1,12/31/2014,,,1,2/26/2018,1153,,,
10.1128/JVI.02713-12,USA,,1,,12/31/2014,,,1,12/14/2017,1079,,,
10.1128/JVI.03241-12,USA,,1,,12/31/2014,,,1,11/14/2017,1049,,,
10.1128/mBio.00252-13,USA,,1,,10/30/2014,,,1,2/3/2015,96,,,
10.1155/2013/308130,Thailand,,1,,7/6/2014,,,1,3/19/2017,987,,,
10.1155/2013/358945,Turkey,0,,1,5/4/2014,,,1,12/1/2014,211,,,
10.1155/2013/582526,Iran,,1,,5/11/2014,,,1,2/1/2015,266,,,
10.1155/2013/594906,Taiwan,,1,,10/2/2015,,,1,12/10/2015,69,,,
10.1155/2013/938081,Malaysia,,,1,10/2/2015,,,1,8/9/2016,312,,,
10.1186/1471-2180-13-113,UK,,1,,7/29/2015,,,1,4/12/2017,623,,,
10.1186/1471-2180-13-18,Portugal,,1,,7/29/2015,,,1,5/22/2017,663,,,
10.1186/1471-2407-13-156,Germany,1,,,7/29/2015,,,1,10/29/2018,1188,,,
10.1186/1471-2407-13-433,Italy,,,1,7/29/2015,1,,,1/27/2021,2009,,,
10.1186/1471-2407-13-504,Poland,,1,,7/29/2015,,,,,-42214,,,
10.1186/1471-2407-13-527,China,,1,,7/29/2015,1,,,7/7/2023,2900,,,
10.1371/journal.pgen.1003094,USA,1,,,10/2/2015,,,1,11/19/2015,48,,,
10.1371/journal.pntd.0002005,India,1,,,10/2/2015,,,1,1/25/2024,3037,,,
10.1371/journal.pntd.0002151,USA,1,,,10/2/2015,,1,,12/29/2023,3010,,,
10.1371/journal.pntd.0002606,China,1,,,10/2/2015,,1,,3/19/2024,3091,,,
10.1371/journal.pone.0050128,Korea,,1,,10/7/2015,,,,,-42284,,,
10.1371/journal.pone.0052469,China,,1,,8/23/2014,1,,,9/28/2023,3323,,,
10.1371/journal.pone.0052689,USA,1,,,4/29/2014,,,1,5/4/2016,736,,,
10.1371/journal.pone.0053072,China,,,1,10/7/2015,1,,,12/5/2023,2981,,,
10.1371/journal.pone.0053510,Germany,,1,,4/29/2014,,,1,10/9/2015,528,,,
10.1371/journal.pone.0053645,Spain,,1,,5/4/2014,1,,,2/5/2024,3564,,,
10.1371/journal.pone.0053940,USA,1,,,4/29/2014,,,1,1/15/2016,626,,,
10.1371/journal.pone.0054211,Singapore,1,,,10/7/2015,,,1,4/8/2021,2010,,,
10.1371/journal.pone.0054565,USA,1,,,7/27/2014,,,1,8/13/2020,2209,,,
10.1371/journal.pone.0054593,China,,1,,5/6/2014,,,,,-41765,,,
10.1371/journal.pone.0055313,China,,1,,10/7/2015,1,,,10/9/2023,2924,,,
10.1371/journal.pone.0055479,China,1,,,10/7/2015,,,1,8/13/2020,1772,,,
10.1371/journal.pone.0055799,Switzerland,,,1,10/7/2015,,,,,-42284,,,
10.1371/journal.pone.0055827,South Korea,,1,,10/7/2015,,,,,-42284,,,
10.1371/journal.pone.0055839,China,1,,,10/7/2015,,,,,-42284,,,
10.1371/journal.pone.0056134,USA,1,,,10/7/2015,,,,,-42284,,,
10.1371/journal.pone.0057218,Germany,,1,,8/23/2014,,,,,-41874,,,
10.1371/journal.pone.0057285,USA,,1,,8/23/2014,,,1,8/4/2015,346,,,
10.1371/journal.pone.0057289,USA,,1,,8/23/2014,,1,,9/28/2023,3323,,,
10.1371/journal.pone.0057318,Taiwan,,1,,10/7/2015,,,,,-42284,,,
10.1371/journal.pone.0057409,South Africa,1,,,10/7/2015,,,,,-42284,,,
10.1371/journal.pone.0057413,Ireland,,1,,10/7/2015,,,1,5/23/2024,3151,,,
10.1371/journal.pone.0057525,China,,,1,10/7/2015,1,,0,12/16/2021,2262,,,
10.1371/journal.pone.0057572,Argentina,1,,,10/7/2015,,,,,-42284,,,
10.1371/journal.pone.0057708,Malaysia,,1,,8/24/2014,,,1,5/3/2022,2809,,,
10.1371/journal.pone.0057724,Japan,,1,,10/7/2015,,,,,-42284,,,
10.1371/journal.pone.0058194,USA,1,,,10/7/2015,,,,,-42284,,,
10.1371/journal.pone.0058361,China,,1,,9/16/2014,,,,,-41898,,,
10.1371/journal.pone.0058426,USA ,,1,,10/7/2015,,,,,-42284,,,
10.1371/journal.pone.0058599,USA,,1,,10/7/2015,,,1,3/20/2024,3087,,,
10.1371/journal.pone.0058712,Italy,,,1,10/7/2015,,,0,,-42284,,,
10.1371/journal.pone.0059453,USA,,1,,10/7/2015,,,,,-42284,,,
10.1371/journal.pone.0059580,Taiwan,1,,,10/7/2015,1,,,7/29/2020,1757,,,
10.1371/journal.pone.0060143,UK,1,,,9/21/2014,,,1,3/26/2024,3474,,,
10.1371/journal.pone.0060173,China,1,,,10/7/2015,,,,,-42284,,,
10.1371/journal.pone.0060749,USA,1,,,10/7/2015,,1,,5/13/2024,3141,,,
10.1371/journal.pone.0060975,Italy,,,1,10/7/2015,1,,,12/15/2020,1896,,,
10.1371/journal.pone.0061089,Taiwan,,,1,10/7/2015,1,,,6/24/2020,1722,,,
10.1371/journal.pone.0061167,Sweden,,,1,10/7/2015,1,,,5/5/2022,2402,,,
10.1371/journal.pone.0061343,Japan,,,1,10/7/2015,,,,,-42284,,,
10.1371/journal.pone.0061363,China,,,1,10/7/2015,1,,,6/4/2021,2067,,,
10.1371/journal.pone.0061484,Italy,1,,,10/7/2015,,,1,10/25/2018,1114,,,
10.1371/journal.pone.0061508,China,,,1,10/7/2015,,,,,-42284,,,
10.1371/journal.pone.0061595,France,,1,,5/26/2014,,1,,4/2/2020,2138,,,
10.1371/journal.pone.0061677,China,,1,,10/7/2015,,,1,5/2/2024,3130,,,
10.1371/journal.pone.0061690,France,,1,,10/7/2015,,,,,-42284,,,
10.1371/journal.pone.0061747,USA,,1,,5/11/2014,,,1,8/22/2019,1929,,,
10.1371/journal.pone.0061787,USA,1,,,10/7/2015,,,,,-42284,,,
10.1371/journal.pone.0062529,China,,,1,10/7/2015,1,,,3/28/2022,2364,,,
10.1371/journal.pone.0062773,Brazil,,1,,5/8/2014,,,1,2/5/2016,638,,,
10.1371/journal.pone.0062792,USA,,1,,6/18/2014,,,1,9/17/2020,2283,,,
10.1371/journal.pone.0062942,China,,,1,5/11/2014,1,0,,8/25/2020,2298,,,
10.1371/journal.pone.0063425,Korea,,1,,7/11/2014,,,,,-41831,,,
10.1371/journal.pone.0063502,China,,1,,7/4/2014,,,,,-41824,,,
10.1371/journal.pone.0063581,China,,1,,6/18/2014,,,1,8/7/2014,50,,,
10.1371/journal.pone.0063588,China,,,1,7/13/2014,1,,,9/15/2022,2986,,,
10.1371/journal.pone.0063680,China,,,1,7/4/2014,1,,,3/16/2021,2447,,,
10.1371/journal.pone.0063721,France,,,1,5/8/2014,,1,,2/11/2019,1740,,,
10.1371/journal.pone.0063781,USA,,1,,5/26/2014,,,1,6/1/2021,2563,,,
10.1371/journal.pone.0064171,Canada,,1,,7/6/2014,1,,,1/29/2021,2399,,,
10.1371/journal.pone.0064351,China,,1,,5/11/2014,,,,,-41770,,,
10.1371/journal.pone.0064373,China,0,,1,5/23/2014,1,,,5/9/2019,1812,,,
10.1371/journal.pone.0064904,USA,1,,,7/9/2014,,,1,9/19/2014,72,,,
10.1371/journal.pone.0065147,China,,1,,7/6/2014,,1,,5/18/2023,3238,,,
10.1371/journal.pone.0065367,China,,1,,6/13/2014,,,,,-41803,,,
10.1371/journal.pone.0065381,China,,1,,10/7/2015,,,1,7/14/2020,1742,,,
10.1371/journal.pone.0065456,Taiwan,,,1,7/6/2014,1,,,1/28/2021,2398,,,
10.1371/journal.pone.0065745,Austria,,1,,10/7/2015,,,0,9/13/2013,-754,,,
10.1371/journal.pone.0065896,China,1,,,7/13/2014,,1,,7/29/2019,1842,,,
10.1371/journal.pone.0066111,China,1,,,10/7/2015,,,0,,-42284,,,
10.1371/journal.pone.0066417,China,1,,,10/7/2015,,,,,-42284,,,
10.1371/journal.pone.0066439,USA,,1,,7/11/2014,,,,,-41831,,,
10.1371/journal.pone.0066464,USA,1,,,10/7/2015,,,1,8/7/2020,1766,,,
10.1371/journal.pone.0066611,Taiwan,1,,,10/7/2015,1,,,5/1/2024,3129,,,
10.1371/journal.pone.0067356,Argentina,,1,,10/7/2015,,,,,-42284,,,
10.1371/journal.pone.0067983,USA,1,,,10/7/2015,,,1,10/2/2017,726,,,
10.1371/journal.pone.0069001,China,,,1,10/7/2015,1,,,11/23/2021,2239,,,
10.1371/journal.pone.0069081,France,1,,,7/1/2014,,1,,1/11/2024,3481,,,
10.1371/journal.pone.0069356,USA,,1,,10/7/2015,,,,,-42284,,,
10.1371/journal.pone.0069387,China,,1,,7/25/2014,,,1,2/28/2020,2044,,,
10.1371/journal.pone.0069911,China,,1,,8/1/2014,,,1,6/2/2020,2132,,,
10.1371/journal.pone.0070422,India,,1,,10/7/2015,,1,,5/26/2021,2058,,,
10.1371/journal.pone.0070881,Spain,,1,,10/7/2015,,,,,-42284,,,
10.1371/journal.pone.0071031,China,,,1,10/7/2015,,,,,-42284,,,
10.1371/journal.pone.0071611,Thailand,,1,,10/7/2015,,,,,-42284,,,
10.1371/journal.pone.0072080,USA,,1,,10/7/2015,,,,,-42284,,,
10.1371/journal.pone.0072365,Malaysia,,,1,10/7/2015,,,,,-42284,,,
10.1371/journal.pone.0073261,China,,1,,10/7/2015,,,0,,-42284,,,
10.1371/journal.ppat.1003445,Spain,,1,,7/4/2014,,,1,11/2/2016,852,,,
10.1371/journal.ppat.1003576,USA,1,,,10/2/2015,,,1,5/19/2016,230,,,
10.3892/ijo.2013.1761,Japan,,1,,10/4/2015,,,1,9/22/2016,354,,,
10.3892/ijo.2013.2127,Mexico,1,,,10/4/2015,,,,,-42281,,,
10.1007/s10549-014-3180-7,USA,,,1,10/4/2015,,,1,3/30/2016,178,,,
10.1016/j.ccr.2013.12.007,USA,,,1,7/10/2015,,,1,7/11/2016,367,,,
10.1111/1462-2920.12223,France,1,,,10/4/2015,,,,,-42281,,,
10.1128/IAI.02158-14,Chile,,1,,3/8/2015,,,1,1/25/2016,323,,,
10.1155/2014/164391,China,,1,,10/2/2015,1,,,12/5/2016,430,,,
10.1155/2014/272101,Taiwan,,1,,10/2/2015,,,1,5/10/2016,221,,,
10.1155/2014/424767,Mexico,1,,,10/2/2015,,,1,7/19/2016,291,,,
10.1155/2014/640857,China,,,1,10/2/2015,,,1,12/16/2015,75,,,
10.1155/2014/936978,Argentina,1,,,5/4/2014,,,1,9/1/2014,120,,,
10.1155/2014/989340,China,,1,,10/2/2015,,,1,11/19/2015,48,,,
10.1186/1471-2180-14-79,Germany,,1,,7/29/2015,,,,,-42214,,,
10.1186/s13058-014-0454-2,China,1,,,7/29/2015,1,,,7/25/2018,1092,,,
10.1371/journal.pbio.1001847,USA,1,,,5/11/2014,,,1,5/28/2015,382,,,
10.1371/journal.pgen.1004121,USA,,,1,4/3/2014,,,1,6/3/2014,61,,,
10.1371/journal.pgen.1004480,Spain,1,,,7/25/2014,,,1,10/17/2014,84,,,
10.1371/journal.pntd.0002890,Malaysia,,,1,6/10/2014,,,1,9/30/2014,112,,,
10.1371/journal.pone.0083895,China,1,,,10/7/2015,,,,,-42284,,,
10.1371/journal.pone.0085144,China,1,,,5/11/2014,,,1,10/18/2019,1986,,,
10.1371/journal.pone.0085230,Spain,,1,,10/7/2015,,,,,-42284,,,
10.1371/journal.pone.0085552,India,1,,,10/7/2015,,,,,-42284,,,
10.1371/journal.pone.0086586,Canada,,1,,4/12/2014,,,1,10/2/2015,538,,,
10.1371/journal.pone.0086988,Canada,,1,,4/12/2014,,,1,3/9/2016,697,,,
10.1371/journal.pone.0087254,China,,1,,3/26/2014,1,,,9/23/2019,2007,,,
10.1371/journal.pone.0087810,China,1,,,4/17/2014,,,,,-41746,,,
10.1371/journal.pone.0088145,France,1,,,10/7/2015,,,1,3/8/2018,883,,,
10.1371/journal.pone.0089087,USA,1,,,10/7/2015,,,,,-42284,,,
10.1371/journal.pone.0089546,Slovenia,,1,,3/30/2014,,,1,7/28/2014,120,,,
10.1371/journal.pone.0089604,USA,1,,,10/7/2015,,,,,-42284,,,
10.1371/journal.pone.0089686,China,,1,,10/7/2015,,,,,-42284,,,
10.1371/journal.pone.0089806,China,,1,,10/7/2015,,,,,-42284,,,
10.1371/journal.pone.0089841,China,,1,,4/20/2014,1,,,4/10/2020,2182,,,
10.1371/journal.pone.0090025,Germany,1,,,10/7/2015,,,,,-42284,,,
10.1371/journal.pone.0090388,China,,,1,10/7/2015,,,,,-42284,,,
10.1371/journal.pone.0090608,Germany,1,,,5/4/2014,,,1,5/1/2015,362,,,
10.1371/journal.pone.0090793,China,,,1,10/7/2015,,,,,-42284,,,
10.1371/journal.pone.0091186,USA,,,1,10/7/2015,,,,,-42284,,,
10.1371/journal.pone.0091694,UK,1,,,10/7/2015,,,1,7/9/2020,1737,,,
10.1371/journal.pone.0091817,China,1,,,10/7/2015,,,,,-42284,,,
10.1371/journal.pone.0091952,Italy,,,1,10/7/2015,,,1,6/7/2019,1339,,,
10.1371/journal.pone.0092189,Brazil,1,,,4/19/2014,,,1,5/9/2019,1846,,,
10.1371/journal.pone.0092190,China,,1,,10/7/2015,,,,,-42284,,,
10.1371/journal.pone.0092259,Italy,,1,,10/7/2015,1,,,1/31/2024,3038,,,
10.1371/journal.pone.0092304,China,,1,,4/18/2014,1,,,7/5/2019,1904,,,
10.1371/journal.pone.0092626,Japan,,1,,3/26/2014,,,1,4/27/2015,397,,,
10.1371/journal.pone.0093041,China,,1,,10/7/2015,,,,,-42284,,,
10.1371/journal.pone.0093232,China,,1,,10/7/2015,,,,,-42284,,,
10.1371/journal.pone.0093563,China,1,,,4/12/2014,,,1,5/6/2015,389,,,
10.1371/journal.pone.0093905,India,1,,,4/18/2014,1,,,10/11/2018,1637,,,
10.1371/journal.pone.0094205,Taiwan,,1,,10/7/2015,,,,,-42284,,,
10.1371/journal.pone.0094320,China,,1,,4/17/2014,,,,,-41746,,,
10.1371/journal.pone.0094450,USA,,0,1,10/7/2015,,,,,-42284,,,
10.1371/journal.pone.0094639,China,,1,,4/19/2014,,1,,9/19/2019,1979,,,
10.1371/journal.pone.0094703,USA,1,,,10/7/2015,,,,,-42284,,,
10.1371/journal.pone.0094828,USA,,,1,4/17/2014,1,,,2/22/2024,3598,,,
10.1371/journal.pone.0094830,China,,,1,4/23/2014,1,,,5/12/2016,750,,,
10.1371/journal.pone.0095588,South Korea,,1,,4/18/2014,,,1,3/14/2016,696,,,
10.1371/journal.pone.0095926,USA,,1,,5/2/2014,,,1,8/7/2014,97,,,
10.1371/journal.pone.0096137,Canada,,1,,10/7/2015,,,,,-42284,,,
10.1371/journal.pone.0096236,Thailand,,1,,5/17/2014,1,,,8/21/2018,1557,,,
10.1371/journal.pone.0096381,Hungary,,,1,5/17/2014,,1,,3/3/2022,2847,,,
10.1371/journal.pone.0096501,China,,1,,5/18/2014,1,,,4/20/2022,2894,,,
10.1371/journal.pone.0096681,USA,1,,,5/26/2014,,,1,2/26/2019,1737,,,
10.1371/journal.pone.0097311,Argentina,1,,,5/25/2014,,,,,-41784,,,
10.1371/journal.pone.0097342,China,,1,,5/21/2014,,,1,9/22/2020,2316,,,
10.1371/journal.pone.0097359,China,,1,,5/25/2014,1,,,1/24/2020,2070,,,
10.1371/journal.pone.0097911,India,,1,,6/14/2014,,,1,5/20/2021,2532,,,
10.1371/journal.pone.0098037,USA,1,,,5/26/2014,,,1,3/18/2019,1757,,,
10.1371/journal.pone.0098077,UK,,1,,5/25/2014,,,1,2/19/2020,2096,,,
10.1371/journal.pone.0098263,Austria,1,,,6/10/2014,,,1,4/12/2019,1767,,,
10.1371/journal.pone.0098448,China,,1,,6/15/2014,,,1,8/7/2015,418,,,
10.1371/journal.pone.0099067,China,,1,,6/14/2014,,,1,3/21/2019,1741,,,
10.1371/journal.pone.0099137,China,,1,,7/20/2014,,,1,12/2/2014,135,,,
10.1371/journal.pone.0099594,China,,1,,10/7/2015,1,,,11/28/2023,2974,,,
10.1371/journal.pone.0099630,Taiwan,,1,,6/13/2014,1,,,2/28/2017,991,,,
10.1371/journal.pone.0099665,Singapore,1,,,10/7/2015,,,,,-42284,,,
10.1371/journal.pone.0099719,China,,1,,6/15/2014,,,1,3/4/2019,1723,,,
10.1371/journal.pone.0099741,China,,1,,7/1/2014,,,1,2/12/2020,2052,,,
10.1371/journal.pone.0099853,Argentina,1,,,7/27/2014,,,1,11/11/2020,2299,,,
10.1371/journal.pone.0100126,China,,1,,10/7/2015,,,,,-42284,,,
10.1371/journal.pone.0101358,China,,1,,8/17/2014,,1,,6/29/2020,2143,,,
10.1371/journal.pone.0101461,South Africa,,,1,8/16/2014,1,,,2/11/2021,2371,,,
10.1371/journal.pone.0101931,China,,1,,10/7/2015,,,,,-42284,,,
10.1371/journal.pone.0102522,China,,,1,8/13/2014,1,,,10/31/2019,1905,,,
10.1371/journal.pone.0102689,Korea,0,1,,10/7/2015,1,,,4/30/2019,1301,,,
10.1371/journal.pone.0102706,China,,1,,10/7/2015,1,,,2/13/2020,1590,,,
10.1371/journal.pone.0102832,Israel,,,1,8/2/2014,1,,,7/25/2019,1818,,,
10.1371/journal.pone.0103060,USA,,1,,10/7/2015,,,1,1/31/2019,1212,,,
10.1371/journal.pone.0103148,USA,1,,,10/7/2015,,,,,-42284,,,
10.1371/journal.pone.0103270,China,1,,,10/7/2015,,,,,-42284,,,
10.1371/journal.pone.0103587,China,,1,,8/15/2014,1,,0,12/21/2022,3050,,,
10.1371/journal.pone.0104323,China,1,,,8/13/2014,,,1,12/17/2020,2318,,,
10.1371/journal.pone.0104546,China,,,1,8/14/2014,1,,,3/6/2020,2031,,,
10.1371/journal.pone.0104743,Korea,,1,,10/7/2015,1,,,3/19/2020,1625,,,
10.1371/journal.pone.0105350,China,,,1,10/7/2015,1,,,3/19/2021,1990,,,
10.1371/journal.ppat.1003896,UK,,1,,4/19/2014,,,1,7/22/2014,94,,,
10.1186/1471-2180-8-113,Spain,,,1,7/29/2015,,,,,-42214,,,
10.1371/journal.pone.0098885,China,,1,,6/14/2014,,1,,4/14/2020,2131,,,
10.1371/journal.pbio.1001856,Ireland,,1,,5/17/2014,,1,0,5/6/2024,3642,,,
10.1371/journal.pone.0066471,USA,,1,,10/7/2015,,,,,-42284,,,
10.1371/journal.pone.0061901,Taiwan,1,,,5/11/2014,,,1,5/16/2016,736,,,
10.1023/a:1011050619406,Mexico,,,1,10/4/2015,,,,,-42281,,,
10.1023/a:1011942824139,Japan,,1,,10/4/2015,,,,,-42281,,,
10.1023/a:1014468932482,Canada,1,,,10/4/2015,,,,,-42281,,,
10.1023/a:1015563021602,Argentina,1,,,10/4/2015,,,,,-42281,,,
10.1080/1042819031000122033,Japan,1,,,10/4/2015,,,,,-42281,,,
10.1007/s00280-004-0863-5,China,,,1,6/28/2015,,,1,4/28/2021,2131,,,
10.1007/s00280-005-1029-9,China,,,1,6/28/2015,,,,,-42183,,,
10.1007/s11010-005-1370-7,Hungary,1,,,10/4/2015,,,,,-42281,,,
10.1016/j.jaut.2004.10.003,France,1,,,10/4/2015,,,,,-42281,,,
10.1007/s00280-005-0137-x,China,,,1,6/28/2015,,,,,-42183,,,
10.1007/s11010-006-9206-7,China,,,1,10/4/2015,,,,,-42281,,,
10.1080/00268970600909205,China,,,1,10/4/2015,1,,,3/8/2016,156,,,
10.1080/08977190600759923,UK,,1,,10/4/2015,,,,,-42281,,,
10.1007/s00280-005-0177-2,China,,,1,6/28/2015,,,,,-42183,,,
10.1007/s00280-007-0457-0,China,,,1,6/28/2015,,,,,-42183,,,
10.1016/j.jaut.2007.02.007,Israel,1,,,10/4/2015,,,,,-42281,,,
10.1080/07357900701522471,Japan,,,1,10/4/2015,,,,,-42281,,,
10.1080/08977190701398977,South Korea,1,,,10/4/2015,,,,,-42281,,,
10.1080/10428190701216360,China ,,,1,10/4/2015,1,,,3/8/2016,156,,,
10.1080/10428190701242358,China ,1,,,10/4/2015,,,,,-42281,,,
10.1007/s00280-007-0543-3,France,1,,,6/28/2015,,,,,-42183,,,
10.1016/j.cyto.2008.02.005,China,1,,,10/4/2015,,,,,-42281,,,
10.1073/pnas.0710846105,Italy,,,1,2/9/2016,,,,,-42409,,,
10.1073/pnas.0804446105,Italy,,1,,2/9/2016,,,,,-42409,,,
10.1073/pnas.0807549105,USA,,1,,2/9/2016,,,,,-42409,,,
10.1080/07357900801975256,China,,1,,10/4/2015,,,,,-42281,,,
10.1080/08977190801987166,Ireland,1,,,10/4/2015,,,,,-42281,,,
10.1080/08977190802227828,China,,,1,10/4/2015,,,,,-42281,,,
10.1007/s00280-009-0994-9,Italy,,1,,6/28/2015,,,,,-42183,,,
10.1007/s00280-009-0998-5,China,,1,,6/28/2015,,,,,-42183,,,
10.1016/j.cyto.2008.12.015,China,,1,,10/4/2015,,,,,-42281,,,
10.1073/pnas.0908027106,USA,,1,,2/9/2016,,,,,-42409,,,
10.1080/10428190902934936,China,,1,,10/4/2015,1,,,3/7/2016,155,,,
10.1007/s00280-009-1076-8,USA,1,,,6/28/2015,,,,,-42183,,,
10.1007/s11010-010-0558-7,China,,1,,10/4/2015,1,,,11/10/2023,2959,,,
10.1007/s11010-010-0562-y,China,,1,,10/4/2015,,,,,-42281,,,
10.1073/pnas.0913495107,USA,1,,,2/9/2016,,,,,-42409,,,
10.1073/pnas.1002024107,USA,,1,,2/9/2016,,,,,-42409,,,
10.3109/10428190903383419,China,,1,,10/4/2015,,,,,-42281,,,
10.1007/s00280-010-1345-6,Italy,,1,,4/12/2015,,,,,-42106,,,
10.1007/s00280-010-1495-6,Korea,1,,,4/12/2015,,,,,-42106,,,
10.1007/s00280-011-1660-6,Japan,1,,,4/12/2015,,,,,-42106,,,
10.1007/s11010-011-0925-z,China,1,,,10/4/2015,,,,,-42281,,,
10.1016/j.diagmicrobio.2010.09.008,Malaysia,1,,,10/4/2015,,,,,-42281,,,
10.1038/nature10539,France,,1,,5/3/2015,,,1,12/2/2015,213,,,
10.1186/1471-2180-11-188,China,,1,,7/29/2015,,,1,10/28/2023,3013,,,
10.1007/s11010-012-1402-z,China,,1,,10/4/2015,,,,,-42281,,,
10.1007/s11010-012-1413-9,China,,1,,10/4/2015,,,,,-42281,,,
10.1007/s11010-012-1424-6,China,,1,,10/4/2015,,,,,-42281,,,
10.1007/s11010-012-1432-6,China,,1,,10/4/2015,,,,,-42281,,,
10.1016/j.diagmicrobio.2012.02.013,China,,1,,10/4/2015,,,,,-42281,,,
10.1186/bcr3200,Singapore,1,,,7/29/2015,,,1,3/28/2017,608,,,
10.3109/07357907.2012.675384,China,1,,,10/4/2015,,,1,4/15/2020,1655,,,
10.3109/10428194.2011.614707,China,,,1,10/4/2015,,,,,-42281,,,
10.3892/ijo.2012.1343,Japan,1,,,10/4/2015,,,1,6/15/2016,255,,,
10.3892/ijo.2012.1714,Japan,1,,,10/4/2015,,,1,9/16/2016,348,,,
10.1007/s00253-012-4644-5,Taiwan,1,,,10/4/2015,,,,,-42281,,,
10.1007/s00253-013-4778-0,Mexico,1,,,10/4/2015,,,1,9/18/2021,2176,,,
10.1007/s00253-013-5156-7,Austria,,1,,10/4/2015,,,,,-42281,,,
10.1007/s00253-013-5219-9,Spain,,1,,10/4/2015,,,,,-42281,,,
10.1007/s00280-013-2281-z,China,,1,,4/12/2015,,,,,-42106,,,
10.1007/s00280-013-2285-8,China,,1,,4/12/2015,,,,,-42106,,,
10.1007/s11010-012-1547-9,Portugal,1,,,10/4/2015,,,,,-42281,,,
10.1016/j.ccr.2013.02.018,France,1,,,7/10/2015,,,1,7/11/2016,367,,,
10.1038/nature12878,China,,,1,5/3/2015,,,1,1/13/2016,255,,,
10.1038/onc.2013.184,India,,1,,6/29/2015,,,1,10/16/2015,109,,,
10.1038/onc.2013.349,China,,1,,6/29/2015,,,,,-42184,,,
10.1038/onc.2013.373,Korea,,,1,6/29/2015,,,,,-42184,,,
10.1073/pnas.1310331110,USA,1,,,2/9/2016,,,1,4/11/2016,62,,,
10.1186/1471-2407-13-182,China,,1,,7/29/2015,1,,,3/19/2020,1695,,,
10.1186/1471-2407-13-380,China,1,,,7/29/2015,,,1,5/21/2021,2123,,,
10.1186/1471-2407-13-468,Japan,1,,,7/29/2015,,1,,6/17/2022,2515,,,
10.3109/10428194.2012.717079,France,,1,,10/4/2015,,,,,-42281,,,
10.3109/10428194.2013.776681,China,1,,,10/4/2015,1,,,3/4/2016,152,,,
10.3892/ijo.2013.1809,Italy,1,,,10/4/2015,,,1,7/6/2016,276,,,
10.1007/s00253-014-5818-0,China,,1,,10/4/2015,,,,,-42281,,,
10.1007/s00253-014-6021-z,China,,,1,10/4/2015,,,,,-42281,,,
10.1007/s10549-013-2811-8,India ,,1,,10/4/2015,,,1,2/17/2016,136,,,
10.1007/s10549-014-3083-7,China,1,,,10/4/2015,,,1,2/23/2016,142,,,
10.1007/s10549-014-3095-3,China,,1,,10/4/2015,,,,,-42281,,,
10.1007/s11010-014-2142-z,Italy,,1,,10/4/2015,,,,,-42281,,,
10.1007/s11010-014-2148-6,China,,1,,10/4/2015,,,,,-42281,,,
10.1007/s11010-014-2151-y,Serbia,1,,,10/4/2015,1,,,4/25/2024,3126,,,
10.1007/s11010-014-2175-3,China,1,,,10/4/2015,,,,,-42281,,,
10.1007/s11010-014-2185-1,China,,,1,10/4/2015,1,,,4/26/2024,3127,,,
10.1016/j.jaut.2014.02.013,Israel,1,,,10/4/2015,,,1,2/1/2016,120,,,
10.1038/onc.2014.404,China,,1,,7/10/2015,,,1,7/4/2016,360,,,
10.1073/pnas.1319190110,China,,1,,2/9/2016,,,1,11/22/2016,287,,,
10.1186/1471-2180-14-147,China,,1,,7/29/2015,,,,,-42214,,,
10.1186/bcr3692,China,,1,,7/29/2015,,,1,3/28/2017,608,,,
10.1186/s13058-014-0505-8,Spain,,1,,7/29/2015,,,1,3/28/2017,608,,,
10.1371/journal.pone.0083618,UK,,,1,3/30/2014,,,,,-41728,,,
10.1371/journal.pone.0067342,Canada,,,1,7/12/2014,1,,,10/10/2022,3012,,,
10.1371/journal.pntd.0001373,USA,,,1,10/2/2015,,1,,5/6/2024,3139,,,
10.1023/a:1007180518474,USA,,1,,10/4/2015,,,,,-42281,,,
10.1371/journal.pone.0058965,USA,1,,,10/7/2015,,,1,8/1/2017,664,,,
10.1016/s0169-5002(01)00212-4,Russia,,1,,10/4/2015,,,,,-42281,,,
10.1016/S0169-5002(03)00239-3,Russia,,1,,10/4/2015,,1,,7/5/2016,275,,,
10.3109/07357900903179609,China,,1,,10/4/2015,,,,,-42281,,,
10.1371/journal.pone.0053654,China,,,1,5/20/2014,1,,,10/15/2019,1974,,,
10.1371/journal.pone.0055008,China,,,1,5/20/2014,1,,,1/23/2020,2074,,,
10.1371/journal.pone.0088838,UK,,1,,10/7/2015,,,,,-42284,,,
10.1128/IAI.01192-08,USA,,1,,3/8/2015,1,,,5/24/2018,1173,,,
10.1371/journal.pone.0059350,India,,1,,10/7/2015,,,,,-42284,,,
10.1371/journal.pone.0065217,China,,1,,10/7/2015,1,,,8/31/2022,2520,,,
10.1371/journal.pone.0065539,China,,1,,10/7/2015,1,,,2/7/2023,2680,,,
10.1073/pnas.0904412106,USA,,1,,2/9/2016,,,,,-42409,,,
10.1111/j.1472-765X.2012.03263.x,China,,,1,4/5/2014,,,,,-41734,,,
10.1186/bcr2618,UK,1,,,7/29/2015,,,1,8/1/2018,1099,,,
10.1371/journal.pone.0092993,India,1,,,10/7/2015,,,,,-42284,,,
10.1128/JCM.00001-09,Malaysia,,,1,4/19/2014,,,,,-41748,,,
10.1073/pnas.0903120106,USA,,,1,2/9/2016,,,0,,-42409,,,
10.1111/j.1365-2672.2010.04795.x,Australia,,,1,4/5/2014,,,,,-41734,,,
10.1371/journal.pone.0091723,India,,1,,10/7/2015,,,,,-42284,,,
10.1371/journal.pone.0090951,India,,1,,4/3/2014,1,,,6/30/2016,819,,,
10.1371/journal.pntd.0002853,Brazil,1,,,7/13/2014,,,,,-41833,,,
10.1073/pnas.1314137110,USA,1,,,2/9/2016,,,,,-42409,,,
10.1371/journal.pone.0061557,Canada,,,1,10/7/2015,,,,,-42284,,,
10.1111/j.1462-2920.2008.01842.x,Ireland,,1,,10/4/2015,,,1,2/23/2016,142,,,
10.1371/journal.pone.0099405,Italy,,1,,6/15/2014,,,,,-41805,,,
10.1371/journal.pone.0070508,Australia,,,1,8/1/2014,,,1,10/16/2014,76,,,
10.1016/j.ccr.2013.04.019,Germany,1,,,7/10/2015,,,1,8/8/2016,395,,,
10.1371/journal.pone.0095605,Germany,1,,,4/26/2014,,,1,9/20/2016,878,,,
10.1073/pnas.0801457105,Germany,,,1,2/9/2016,,,1,4/10/2018,791,,,
10.1371/journal.pone.0066246,India,,1,,10/7/2015,1,,,3/27/2020,1633,,,
10.1007/s00280-004-0789-y,Japan,,,1,6/28/2015,,,,,-42183,,,
10.1128/JVI.00546-13,USA,,,1,12/31/2014,,,,,-42004,,,
10.1186/1471-2180-3-9,USA,,,1,7/29/2015,,,,,-42214,,,
10.1186/1471-2180-6-26,USA,,,1,7/29/2015,1,,,10/17/2019,1541,,,
10.1128/IAI.68.1.72-79.2000,USA,,1,,4/12/2015,,,,,-42106,,,
10.1128/IAI.69.10.6131–6139.2001,USA,,,1,4/12/2015,,,,,-42106,,,
10.1128/IAI.73.3.1754–1763.2005,USA,,1,,4/12/2015,,,1,4/21/2022,2566,,,
10.1128/IAI.06230-11,USA,,1,,10/30/2014,1,,,5/1/2015,183,,,
10.1038/nature07091,USA,,1,,5/3/2015,,,1,5/12/2016,375,,,
10.1371/journal.pone.0065978,USA,1,,,10/7/2015,,,,,-42284,,,
10.1371/journal.pone.0105555,USA,,1,,10/7/2015,1,,,6/5/2018,972,,,
10.1016/j.cyto.2009.07.004,USA,,,1,10/4/2015,,,,,-42281,,,
10.1128/AEM.02535-09,USA,1,,,7/1/2015,,,,,-42186,,,
10.1016/j.cyto.2003.11.014,Lebanon,1,,,10/4/2015,,,,,-42281,,,
10.1016/j.cyto.2004.11.009,Lebanon,,,1,10/4/2015,,,,,-42281,,,
10.1016/j.cyto.2005.12.007,Lebanon,1,,,10/4/2015,,,,,-42281,,,
10.1016/j.cyto.2009.11.020,Lebanon,,,1,10/4/2015,,,,,-42281,,,
10.1371/journal.pntd.0002930,India,0,,1,7/13/2014,1,,,8/8/2022,2948,,,
10.1371/journal.pone.0100232,China,,1,,6/26/2014,,,,,-41816,,,
10.1007/s11010-007-9510-x,USA,,1,,10/4/2015,,,,,-42281,,,
10.1371/journal.pone.0095514,China,,1,,4/18/2014,,,,,-41747,,,
10.1371/journal.pone.0055693,China,,1,,7/11/2014,,,,,-41831,,,
10.1371/journal.pone.0072376,China,,,1,7/11/2014,,,,,-41831,,,
10.1128/IAI.71.2.948-955.2003,Japan,1,,,3/8/2015,,,,,-42071,,,
10.1371/journal.pone.0094382,China,,1,,10/7/2015,,,,,-42284,,,
10.1371/journal.pone.0100340,China,,1,,7/13/2014,,,,,-41833,,,
10.1371/journal.pone.0068589,China,,1,,10/7/2015,,,,,-42284,,,
10.1128/JVI.01446-13,USA,1,,,12/31/2014,,,1,2/28/2020,1885,,,
10.1371/journal.ppat.1003981,Singapore,,1,,3/29/2014,,,1,10/23/2014,208,,,
10.1128/JCM.41.6.2341-2347.2003,Japan,,,1,12/26/2014,,,,,-41999,,,
10.1371/journal.pone.0069086,India,,1,,10/7/2015,,,1,12/19/2019,1534,,,
10.1371/journal.pone.0056123,USA,,1,,10/7/2015,1,,,10/22/2020,1842,,,
10.1016/j.lungcan.2006.06.001,Italy,,,1,10/4/2015,,,,,-42281,,,
10.1371/journal.pone.0092066,France,,1,,3/25/2014,,,1,7/7/2014,104,,,
10.1371/journal.pone.0083541,India,,,1,4/17/2014,1,,,1/17/2019,1736,,,
10.1002/ijc.28289,USA,,1,,2/21/2015,,,1,4/15/2016,419,,,
10.1371/journal.pone.0089630,Spain,,,1,10/7/2015,,,,,-42284,,,
10.1371/journal.pone.0092305,Poland,,1,,4/6/2014,,,1,8/18/2014,134,,,
10.1186/1471-2180-6-8,USA,,,1,7/29/2015,,,,,-42214,,,
10.1371/journal.pone.0074337,Canada,,1,,10/7/2015,,,,,-42284,,,
10.1186/1471-2180-9-20,India,,,1,7/29/2015,,,,,-42214,,,
10.1007/s11010-006-9215-6,USA,,,1,10/4/2015,,,,,-42281,,,
10.1002/ijc.28280,Italy,,,1,2/21/2015,,,0,8/7/2015,167,,,
10.1371/journal.pbio.1000539,Netherlands,1,,,10/2/2015,,,1,2/7/2017,494,,,
10.1371/journal.pone.0087003,USA,,1,,4/12/2014,,,1,4/22/2015,375,,,
10.1128/JVI.01929-12,Germany,,1,,12/31/2014,,,,,-42004,,,
10.1371/journal.pone.0065740,Italy,1,,,10/7/2015,,,,,-42284,,,
10.1081/cnv-67147,Italy,,,1,10/4/2015,,,,,-42281,,,
10.1371/journal.pone.0062235,India,,1,,5/23/2014,,,,,-41782,,,
10.1128/JVI.02667-12,USA,,,1,12/31/2014,,,1,7/17/2018,1294,,,
10.1371/journal.pone.0103868,India,1,,,8/15/2014,,,1,11/18/2014,95,,,
10.1371/journal.pone.0089025,China,,1,,10/7/2015,,1,,4/1/2021,2003,,,
10.1371/journal.pone.0102195,USA,,,1,8/19/2014,1,,,8/1/2019,1808,,,
10.1371/journal.pone.0062230,China,,1,,10/7/2015,,1,,6/23/2023,2816,,,
10.1371/journal.pone.0064976,China,,1,,6/12/2014,,1,,4/2/2020,2121,,,
10.1371/journal.pone.0090151,China,,1,,10/7/2015,,,,,-42284,,,
10.1016/j.jaut.2005.09.016,USA,,1,,10/4/2015,,,,,-42281,,,
10.1371/journal.pone.0091557,China,,1,,10/7/2015,,,,,-42284,,,
10.1371/journal.pone.0069403,China,,1,,10/7/2015,,,,,-42284,,,
10.1016/j.jaut.2008.12.003,USA,,1,,10/4/2015,,,,,-42281,,,
10.1371/journal.pone.0071265,China,,1,,10/7/2015,,,,,-42284,,,
10.1186/bcr1789,China,,1,,7/29/2015,,,1,7/2/2018,1069,,,
10.1371/journal.pone.0065686,USA,1,,,10/7/2015,,,,,-42284,,,
10.1371/journal.pone.0094343,China,,,1,10/7/2015,1,,,5/12/2022,2409,,,
10.1128/IAI.06295-11,China,,,1,10/30/2014,1,,,3/17/2015,138,,,
10.1371/journal.pone.0090062,China,,1,,4/22/2014,1,,,1/10/2019,1724,,,
10.1371/journal.pone.0069583,Israel,,,1,8/24/2014,,,1,7/20/2015,330,,,
10.1371/journal.pone.0058428,USA,1,,,9/19/2014,1,,,6/12/2024,3554,,,
10.1016/j.ccell.2014.09.008,USA,,1,,7/10/2015,,,1,7/11/2016,367,,,
10.1016/j.cyto.2010.09.007,China,,,1,10/4/2015,,,,,-42281,,,
10.3892/ijo.2012.1470,South Korea,,,1,10/4/2015,,,0,3/7/2017,520,,,
10.1007/s10549-014-3086-4,Korea,,1,,10/4/2015,,,1,2/18/2016,137,,,
10.1371/journal.pone.0071453,China,,,1,10/7/2015,,,,,-42284,,,
10.1007/s00280-008-0902-8,USA,,,1,6/28/2015,,,,,-42183,,,
10.1371/journal.pone.0060834,China,1,,,10/7/2015,,,,,-42284,,,
10.1371/journal.pone.0055695,USA,,,1,10/7/2015,1,,0,8/25/2023,2879,,,
10.1007/s11010-011-0880-8,China,,1,,10/4/2015,1,,,4/24/2024,3125,,,
10.1371/journal.pone.0102602,China,,1,,8/15/2014,1,,,12/31/2019,1964,,,
10.1371/journal.pone.0095912,China,,,1,4/26/2014,,,,,-41755,,,
10.1371/journal.pone.0050175,China,,1,,10/7/2015,,,,,-42284,,,
10.1371/journal.pone.0068784,China,1,,,10/7/2015,,,,,-42284,,,
10.1016/j.cyto.2011.02.016,China,,1,,10/4/2015,,,,,-42281,,,
10.1371/journal.pone.0057818,China,,1,,8/22/2014,,,,,-41873,,,
10.3109/10428194.2013.879128,China,,,1,10/4/2015,,,,,-42281,,,
10.1371/journal.pone.0096982,China,,,1,10/7/2015,,,,,-42284,,,
10.1371/journal.pone.0090660,China,,,1,10/7/2015,1,,,12/31/2020,1912,,,
10.1371/journal.pone.0094548,China,,,1,4/12/2014,1,,,6/28/2018,1538,,,
10.1371/journal.pone.0072793,Taiwan,,1,,10/7/2015,,,1,7/27/2017,659,,,
10.1371/journal.pone.0072158,China,,1,,10/7/2015,,,,,-42284,,,
10.1186/bcr2614,Australia,,,1,7/29/2015,,,,,-42214,,,
10.1371/journal.pone.0099511,Netherlands,,1,,6/10/2014,,0,1,7/23/2019,1869,,,
10.1371/journal.pone.0056966,China,,,1,9/20/2014,1,,,2/9/2021,2334,,,
10.1371/journal.ppat.1003231,China,,1,,9/20/2014,,,1,3/2/2017,894,,,
10.1371/journal.pone.0069592,China,,1,,8/1/2014,,,1,1/26/2015,178,,,
10.1371/journal.pone.0098560,China,,1,,6/10/2014,1,,,4/9/2019,1764,,,
10.1371/journal.pone.0069926,China,,1,,10/7/2015,,,,,-42284,,,
10.1371/journal.pone.0093591,China,1,,,10/7/2015,,,,,-42284,,,
10.1371/journal.pone.0069134,China,,1,,7/25/2014,1,,,2/12/2021,2394,,,
10.1371/journal.pone.0090318,China,,1,,4/26/2014,1,,,7/25/2016,821,,,